epoch,train_loss,val_loss
1,0.833827243820173,0.6866540978563592
2,0.6792645436715862,0.6629849329907843
3,0.6511698108013362,0.6403403656279787
4,0.5980315249260157,0.6177036273986736
5,0.5229727080831789,0.6052666284302448
6,0.42848627456383076,0.6583681033646807
7,0.30847603946788127,0.7520782576596483
8,0.18811265432348126,1.041013515058984
9,0.10751613865279036,1.3464323542219527
10,0.05166054202284086,1.760564940406921
